{"cameraMode":{"drawMode":0,"name":"Shaded","section":"Shading Mode"},"sceneLighting":false,"audioPlay":false,"sceneViewState":{"m_AlwaysRefresh":false,"showFog":true,"showSkybox":false,"showFlares":true,"showImageEffects":true,"showParticleSystems":true,"showVisualEffectGraphs":true,"m_FxEnabled":true},"in2DMode":false,"pivot":{"x":12.02664566040039,"y":17.776460647583009,"z":-13.505558013916016},"rotation":{"x":0.057861488312482837,"y":0.02097684144973755,"z":-0.0010477579198777676,"w":0.9981595277786255},"size":1.4660253524780274,"orthographic":false}