{"cameraMode":{"drawMode":0,"name":"Shaded","section":"Shading Mode"},"sceneLighting":false,"audioPlay":false,"sceneViewState":{"m_AlwaysRefresh":false,"showFog":true,"showSkybox":false,"showFlares":true,"showImageEffects":true,"showParticleSystems":true,"showVisualEffectGraphs":true,"m_FxEnabled":true},"in2DMode":false,"pivot":{"x":5.366186141967773,"y":17.47168731689453,"z":64.27822875976563},"rotation":{"x":-0.015288897790014744,"y":-0.20844416320323945,"z":-0.003103607567027211,"w":0.9779592752456665},"size":1.2247449159622193,"orthographic":false}