{"cameraMode":{"drawMode":0,"name":"Shaded","section":"Shading Mode"},"sceneLighting":false,"audioPlay":false,"sceneViewState":{"m_AlwaysRefresh":false,"showFog":true,"showSkybox":false,"showFlares":true,"showImageEffects":true,"showParticleSystems":true,"showVisualEffectGraphs":true,"m_FxEnabled":true},"in2DMode":false,"pivot":{"x":-4.642486572265625,"y":1.7546542882919312,"z":1.1814881563186646},"rotation":{"x":-0.039422258734703067,"y":0.2267238348722458,"z":-0.009236385114490986,"w":-0.9731826782226563},"size":3.5660250186920168,"orthographic":false}