{"cameraMode":{"drawMode":0,"name":"Shaded","section":"Shading Mode"},"sceneLighting":true,"audioPlay":false,"sceneViewState":{"m_AlwaysRefresh":false,"showFog":true,"showSkybox":true,"showFlares":true,"showImageEffects":true,"showParticleSystems":true,"showVisualEffectGraphs":true,"m_FxEnabled":true},"in2DMode":false,"pivot":{"x":-1.542569875717163,"y":6.747156143188477,"z":54.28990936279297},"rotation":{"x":-0.01860436424612999,"y":-0.008381804451346398,"z":-0.00016620375390630215,"w":0.9999155402183533},"size":34.546382904052737,"orthographic":false}